City_ID,City,Country,Max Temp,Current Description,Lat,Lng,Hotel Name
1,rikitea,PF,77.68,scattered clouds,-23.1203,-134.9692,Rikitea
4,aloleng,PH,80.76,overcast clouds,16.1307,119.7824,Agno
9,pisco,PE,71.6,dust,-13.7,-76.2167,Pisco
10,pontianak,ID,75.2,clear sky,-0.0333,109.3333,Pontianak
11,pakokku,MM,84.94,clear sky,21.3333,95.1,Pakokku
12,hilo,US,84.2,scattered clouds,19.7297,-155.09,Hilo
13,hithadhoo,MV,82.09,broken clouds,-0.6,73.0833,Addu City
15,lingao,CN,75.36,clear sky,19.9103,109.6859,Lingao County
16,piacabucu,BR,78.49,overcast clouds,-10.4056,-36.4344,Piaçabuçu
18,vila velha,BR,78.01,broken clouds,-20.3297,-40.2925,Vila Velha
20,bambous virieux,MU,77.0,broken clouds,-20.3428,57.7575,Vieux Grand Port
21,yashan,CN,72.73,overcast clouds,22.1975,109.9419,Yulin
22,kavaratti,IN,83.34,broken clouds,10.5669,72.642,Kavaratti
24,tomatlan,MX,87.37,clear sky,19.9333,-105.25,Tomatlán
28,kawalu,ID,70.14,scattered clouds,-7.3817,108.2082,Tasikmalaya
32,maceio,BR,77.0,clear sky,-9.6658,-35.7353,Maceió
33,porto novo,BJ,82.4,few clouds,6.4965,2.6036,Porto-Novo
34,hobyo,SO,83.52,overcast clouds,5.3505,48.5268,Hobyo
35,cayenne,GF,78.8,moderate rain,4.9333,-52.3333,Cayenne
37,balikpapan,ID,75.49,overcast clouds,-1.2675,116.8289,Balikpapan
42,souillac,MU,77.0,broken clouds,-20.5167,57.5167,Souillac
43,ikwiriri,TZ,71.49,overcast clouds,-7.9562,38.9716,Ikwiriri
44,saint george,US,79.0,clear sky,37.1041,-113.5841,St. George
45,pulivendla,IN,84.22,overcast clouds,14.4167,78.2333,Pulivendula
46,sao filipe,CV,73.09,overcast clouds,14.8961,-24.4956,Sao Filipe
49,abnub,EG,82.4,clear sky,27.2696,31.1511,El-Hamam
54,kapaa,US,77.0,light rain,22.0752,-159.319,Kapaʻa
57,salalah,OM,80.6,clear sky,17.0151,54.0924,Salalah
58,namibe,AO,81.12,broken clouds,-15.1961,12.1522,Namibe
60,vaini,TO,82.4,few clouds,-21.2,-175.2,Nukuhetulu
62,atuona,PF,80.64,clear sky,-9.8,-139.0333,Atuona
66,kavieng,PG,82.65,overcast clouds,-2.5744,150.7967,Kaewieng
74,san patricio,US,79.0,few clouds,28.017,-97.5169,Sinton
76,aguadilla,PR,82.0,broken clouds,18.4275,-67.1541,Aguadilla Pueblo
80,baculin,PH,78.26,overcast clouds,7.4525,126.5842,Baganga
84,arraial do cabo,BR,75.2,clear sky,-22.9661,-42.0278,Arraial do Cabo
85,bandarbeyla,SO,81.63,overcast clouds,9.4942,50.8122,Bandarbeyla
91,puerto ayora,EC,82.4,few clouds,-0.7393,-90.3518,Puerto Ayora
93,butaritari,KI,81.72,light rain,3.0707,172.7902,Isles Sunset Lodge
94,kendari,ID,73.72,overcast clouds,-3.945,122.4989,Kendari
105,yamandu,SL,78.19,heavy intensity rain,7.9362,-11.4928,Yamandu
106,khorixas,,74.21,scattered clouds,-20.3667,14.9667,Khorixas
107,umm kaddadah,SD,83.89,clear sky,13.6017,26.6876,Umm Kadadda
110,san isidro,PE,73.0,clear sky,-12.1167,-77.05,Lima
112,avarua,CK,80.6,light rain,-21.2078,-159.775,Avarua District
117,bethel,US,73.4,broken clouds,41.3712,-73.414,Danbury
119,mahebourg,MU,77.0,broken clouds,-20.4081,57.7,Mahebourg
121,meulaboh,ID,76.84,overcast clouds,4.1363,96.1285,Meulaboh
124,alyangula,AU,75.2,overcast clouds,-13.8483,136.4192,Alyangula
137,hualmay,PE,70.48,clear sky,-11.0964,-77.6139,Huacho
140,la brea,HN,89.6,broken clouds,15.8,-85.9667,Quebrada de Arena
142,largo,US,79.0,broken clouds,27.9095,-82.7873,Largo
143,vila do maio,CV,71.6,clear sky,15.1333,-23.2167,Vila do Maio
145,luderitz,,70.3,clear sky,-26.6481,15.1594,Luderitz
146,palu,ID,73.62,overcast clouds,-0.8917,119.8707,Palu
150,amahai,ID,78.49,overcast clouds,-3.3333,128.9167,Amahai
151,hambantota,LK,78.8,few clouds,6.1241,81.1185,Hambantota
153,auki,SB,84.18,overcast clouds,-8.7676,160.7034,Auki
156,saint-philippe,RE,75.2,moderate rain,-21.3585,55.7679,Saint-Philippe
157,benguela,AO,79.77,broken clouds,-12.5763,13.4055,Benguela
158,kralendijk,BQ,84.2,few clouds,12.15,-68.2667,Kralendijk
160,elat,IL,82.4,clear sky,29.5581,34.9482,Eilat
165,virginia beach,US,73.4,broken clouds,36.8529,-75.97800000000001,Virginia Beach
171,jacareacanga,BR,77.5,broken clouds,-6.2222,-57.7528,Jacareacanga
176,buraydah,SA,77.0,clear sky,26.326,43.975,Buraydah
179,sibolga,ID,76.66,overcast clouds,1.7427,98.7792,Sibolga
182,cabo san lucas,MX,82.0,clear sky,22.8909,-109.9124,Cabo San Lucas
185,san jose el alto,MX,84.2,scattered clouds,20.65,-100.3667,Santiago de Querétaro
187,vao,NC,73.17,scattered clouds,-22.6667,167.4833,Vao
188,georgetown,MY,81.0,few clouds,5.4112,100.3354,George Town
190,ambur,IN,81.18,overcast clouds,12.7833,78.7,Ambur
192,keningau,MY,75.2,few clouds,5.3378,116.1602,Keningau
194,beloha,MG,70.54,broken clouds,-25.1667,45.05,Beloha
197,hervey bay,AU,73.99,few clouds,-25.2986,152.8535,Hervey Bay
201,burke,US,75.2,clear sky,38.7934,-77.2717,Annandale
203,coruripe,BR,78.19,broken clouds,-10.1256,-36.1756,Coruripe
207,basoko,CD,70.3,broken clouds,1.2391,23.616,Basoko
208,abu kamal,SY,84.76,broken clouds,34.4506,40.9171,Al Bukamal
209,poum,NC,77.88,overcast clouds,-20.2333,164.0167,Poum
211,bengkulu,ID,75.47,broken clouds,-3.8004,102.2655,Bengkulu
219,santa luzia,BR,77.0,few clouds,-19.7697,-43.8514,Santa Luzia
220,la plata,AR,70.0,few clouds,-34.9215,-57.9545,La Plata
223,birmitrapur,IN,76.96,clear sky,22.4,84.7667,Birmitrapur
224,lakeway,US,72.0,clear sky,30.3638,-97.9796,Austin
225,innisfail,AU,74.44,light rain,-17.5333,146.0333,Innisfail
226,sulangan,PH,81.99,overcast clouds,11.1373,123.7228,Bantayan
228,guerrero negro,MX,71.24,clear sky,27.9769,-114.0611,Guerrero Negro
234,faanui,PF,81.66,light rain,-16.4833,-151.75,Vaitape
235,manicore,BR,84.2,moderate rain,-5.8092,-61.3003,Manicoré
244,sorong,ID,80.56,overcast clouds,-0.8833,131.25,Sorong
245,tautira,PF,86.0,light rain,-17.7333,-149.15,Tautira
249,santo angelo,BR,77.0,clear sky,-28.2992,-54.2631,Santo Ângelo
250,jhinjhak,IN,81.07,light rain,26.5667,79.7333,Jhinjhak
251,san cristobal,VE,89.6,scattered clouds,7.7669,-72.225,San Cristobal
252,cockburn town,TC,80.6,scattered clouds,21.4612,-71.1419,Cockburn Town
253,eldorado,BR,70.57,clear sky,-23.7869,-54.2836,Eldorado
257,odienne,CI,81.99,scattered clouds,9.51,-7.5692,Odienne
259,jacksonville,US,78.01,broken clouds,30.3322,-81.6556,Jacksonville
262,popondetta,PG,81.3,broken clouds,-8.7537,148.2534,Popondetta
264,pathein,MM,77.65,clear sky,16.7833,94.7333,Pathein
265,banjar,ID,77.0,few clouds,-8.19,114.9675,Banjar
266,morros,BR,74.93,light rain,-9.4467,-46.3003,Morros
267,bodden town,KY,86.0,few clouds,19.2833,-81.25,Bodden Town
268,taoudenni,ML,87.24,scattered clouds,22.6783,-3.9836,Taoudenni
270,sai buri,TH,77.67,overcast clouds,6.7013,101.6168,Taluban
273,san policarpo,PH,76.73,overcast clouds,12.1791,125.5072,Oras
274,arvin,US,84.99,clear sky,35.2091,-118.8284,Arvin
278,tiarei,PF,86.0,light rain,-17.5333,-149.3333,Maha'ena
281,kieta,PG,83.5,scattered clouds,-6.2167,155.6333,Kieta
284,brejo santo,BR,82.4,light rain,-7.4933,-38.9872,Brejo Santo
287,gorontalo,ID,74.35,overcast clouds,0.5412,123.0595,Gorontalo
290,buala,SB,84.06,broken clouds,-8.145,159.5921,Buala
292,port moresby,PG,77.0,light rain,-9.4431,147.1797,Port Moresby
293,djibo,BF,89.53,clear sky,14.1022,-1.6306,Djibo
295,katobu,ID,73.06,overcast clouds,-4.9408,122.5276,Kampani
296,sarangani,PH,82.4,overcast clouds,5.4033,125.4636,Municipality of Sarangani
298,ewa beach,US,82.0,clear sky,21.3156,-158.0072,Ewa
299,kannapolis,US,73.4,broken clouds,35.4874,-80.6217,Concord
300,victoria,HK,72.0,broken clouds,22.2855,114.1577,Hong Kong
301,yenagoa,NG,79.36,overcast clouds,4.9247,6.2642,Yenagoa
303,tuy hoa,VN,75.69,overcast clouds,13.0833,109.3,Tuy Hòa
304,soubre,CI,76.57,overcast clouds,5.7856,-6.6083,Soubre
305,santa maria,BR,73.4,clear sky,-29.6842,-53.8069,Santa Maria
314,port blair,IN,80.24,scattered clouds,11.6667,92.75,Port Blair
316,santa rosa,PH,82.4,broken clouds,14.3122,121.1114,Santa Rosa
317,russell,US,78.8,clear sky,32.3502,-85.1999,Russell County High School
323,maragogi,BR,78.19,broken clouds,-9.0122,-35.2225,Maragogi
326,gondanglegi,ID,71.91,clear sky,-7.7479,112.0132,Kediri
328,brewster,US,73.4,broken clouds,41.3973,-73.6171,Carmel Hamlet
329,samarai,PG,83.26,broken clouds,-10.6167,150.6667,Sidudu
333,kochi,IN,77.0,mist,9.9399,76.2602,Kochi
337,santiago del estero,AR,88.03,broken clouds,-27.7951,-64.2615,Santiago del Estero
338,olinda,BR,80.6,scattered clouds,-8.0089,-34.8553,Olinda
339,dingle,PH,77.13,overcast clouds,10.9995,122.6711,Pototan
342,tefe,BR,77.0,moderate rain,-3.3542,-64.7114,Tefé
344,ilhabela,BR,70.77,broken clouds,-23.7781,-45.3581,Ilhabela
349,ormara,PK,80.35,clear sky,25.2088,64.6357,Ormara
350,bushehr,IR,78.3,overcast clouds,28.9684,50.8385,Bandar Bushehr
356,san antonio,US,87.8,clear sky,29.4241,-98.4936,San Antonio
357,bambanglipuro,ID,73.42,clear sky,-7.95,110.2833,Bantul
360,boa vista,BR,87.8,scattered clouds,2.8197,-60.6733,Boa Vista
363,phuket,TH,84.0,few clouds,8.0,98.25,Choeng Thale
364,altamira,BR,82.4,few clouds,-3.2033,-52.2064,Altamira
365,tessalit,ML,84.92,overcast clouds,20.1986,1.0114,Achemelmel
370,gbongan,NG,75.11,overcast clouds,7.4667,4.35,Gbongan
375,udayagiri,IN,74.5,clear sky,20.1333,84.3833,G. Udayagiri
376,bluefields,NI,78.8,broken clouds,12.0137,-83.7635,Bluefields
377,viedma,AR,70.97,broken clouds,-40.8135,-62.9967,Viedma
378,lorengau,PG,82.63,light rain,-2.0226,147.2712,Lorengau
384,celestun,MX,83.34,scattered clouds,20.8667,-90.4,Celestún
387,cabedelo,BR,78.8,few clouds,-6.9811,-34.8339,Cabedelo
390,sao jose da coroa grande,BR,78.66,broken clouds,-8.8978,-35.1478,São José da Coroa Grande
392,arlit,NE,87.12,scattered clouds,18.7369,7.3853,Arlit
393,ponerihouen,NC,74.64,overcast clouds,-21.0833,165.4,Ponerihouen
396,redmond,US,72.0,clear sky,47.674,-122.1215,Redmond
402,ijui,BR,77.0,clear sky,-28.3878,-53.9147,Ijuí
403,isangel,VU,80.6,broken clouds,-19.55,169.2667,Isangel
404,creel,MX,70.48,clear sky,27.75,-107.6333,Creel
406,quatre cocos,MU,77.0,broken clouds,-20.2078,57.7625,Central Flacq
411,houma,US,80.01,clear sky,29.5958,-90.7195,Houma
412,iseyin,NG,78.78,overcast clouds,7.9667,3.6,Iseyin
413,the valley,AI,82.4,few clouds,18.217,-63.0578,The Valley
415,san lorenzo,PY,84.2,clear sky,-25.3333,-57.5333,San Lorenzo
416,lagunas,PE,80.55,overcast clouds,-5.2269,-75.6753,Pueb Lagunas
417,kisarawe,TZ,77.0,broken clouds,-6.9,39.0667,Kisarawe
418,cam ranh,VN,78.8,few clouds,11.9214,109.1591,Cam Ranh
426,south valley,US,71.01,broken clouds,35.0101,-106.6781,Albuquerque
427,santa isabel do rio negro,BR,76.05,broken clouds,-0.4139,-65.0192,Santa Isabel do Rio Negro
429,ta khmau,KH,80.6,scattered clouds,11.4833,104.95,Phnom Penh
432,samthar,IN,81.57,overcast clouds,25.85,78.9167,Samthar
435,umrala,IN,84.56,overcast clouds,21.8333,71.8167,Umrala
439,presidencia roque saenz pena,AR,73.96,clear sky,-26.7852,-60.4388,Presidencia Roque Sáenz Peña
442,touros,BR,80.6,few clouds,-5.1989,-35.4608,Touros
444,merauke,ID,75.83,moderate rain,-8.4667,140.3333,Urum
445,tura,IN,72.18,clear sky,25.5198,90.2201,Tura
446,baturaja,ID,72.28,overcast clouds,-4.1333,104.1667,Kel. Sukajadi
450,gambela,ET,84.92,broken clouds,8.25,34.5833,Gambela
452,roebourne,AU,75.11,clear sky,-20.7833,117.1333,Roebourne
454,bonfim,BR,89.6,few clouds,3.0833,-59.95,Bonfim
455,bahia blanca,AR,70.68,few clouds,-38.7196,-62.2724,Bahía Blanca
456,pyay,MM,80.87,clear sky,18.8167,95.2167,Pyay
457,sabang,ID,83.61,broken clouds,5.8933,95.3214,Sabang
462,laguna,US,75.0,clear sky,38.421,-121.4238,Sacramento
464,noumea,NC,78.01,clear sky,-22.2763,166.4572,Nouméa
465,vega de alatorre,MX,78.39,overcast clouds,20.0333,-96.6333,Vega de Alatorre
466,bogale,MM,77.59,clear sky,16.2833,95.4,Bogale
467,montes altos,BR,73.26,overcast clouds,-5.8333,-47.0667,Montes Altos
469,utete,TZ,71.37,overcast clouds,-7.986000000000001,38.758,Utete
471,asyut,EG,82.4,clear sky,27.180999999999997,31.1837,Asyut
472,teahupoo,PF,86.0,light rain,-17.8333,-149.2667,Teahupo'o
473,ishigaki,JP,71.6,broken clouds,24.3448,124.1572,Ishigaki
476,cuauhtemoc,MX,73.99,clear sky,28.4167,-106.8667,Ciudad Cuauhtemoc
477,east hemet,US,79.0,clear sky,33.74,-116.9389,Hemet
479,san ramon de la nueva oran,AR,81.0,broken clouds,-23.1322,-64.32600000000001,Orán
482,kirakira,SB,84.25,broken clouds,-10.4544,161.9205,Arohane
485,goure,NE,84.92,clear sky,13.9835,10.2704,Gouré
487,biak,ID,75.67,overcast clouds,-0.9131,122.8766,CV. Karya Alam Perkasa
489,yokadouma,CM,70.45,overcast clouds,3.5167,15.05,Yokadouma
490,neuquen,AR,73.4,moderate rain,-38.9516,-68.0591,Neuquen
492,les cayes,HT,80.71,clear sky,18.2,-73.75,Les Cayes
493,dzilam gonzalez,MX,80.47,overcast clouds,21.2833,-88.9333,Dzilam González
499,mundo nuevo,MX,79.3,broken clouds,18.7,-95.5,Ciénega del Sur
500,labuhan,ID,75.2,broken clouds,-6.8844,112.2051,Musholla Babut Taubat
501,nortelandia,BR,76.89,few clouds,-14.4547,-56.8028,Nortelândia
502,champerico,GT,89.6,broken clouds,14.3,-91.9167,Champerico
505,bontang,ID,76.91,overcast clouds,0.1333,117.5,Bontang
506,beira,MZ,77.0,broken clouds,-19.8436,34.8389,Beira
515,mabaruma,GY,76.96,few clouds,8.2,-59.7833,Mabaruma
517,conde,BR,78.8,few clouds,-7.2597,-34.9075,João Pessoa
518,abeche,TD,85.24,clear sky,13.8292,20.8324,Abeche
527,bara,NG,86.7,broken clouds,10.3744,10.7288,Bara
531,marsh harbour,BS,80.2,overcast clouds,26.5412,-77.0636,Marsh Harbour
534,palmas bellas,PA,86.0,scattered clouds,9.2319,-80.0867,Palmas Bellas
538,layou,VC,82.4,scattered clouds,13.2,-61.2667,Pembroke
539,walvis bay,,78.84,few clouds,-22.9575,14.5053,Walvis Bay
540,talara,PE,70.84,scattered clouds,-4.5772,-81.2719,Talara
543,hirara,JP,71.6,broken clouds,24.8,125.2833,Hirara
544,liberia,LR,74.8,heavy intensity rain,6.5,-9.5,Gebo Town
546,oussouye,SN,77.0,clear sky,12.485,-16.5469,Oussouye
547,dhidhdhoo,MV,83.68,overcast clouds,6.8833,73.1,Dhidhdhoo
548,ambon,ID,81.0,overcast clouds,-3.6954,128.1814,Teluk Ambon
550,pointe michel,DM,84.2,few clouds,15.25,-61.3833,Roseau
554,mwanga,TZ,70.32,overcast clouds,-4.8,38.2,Mazinde Ngua
556,bathsheba,BB,82.4,scattered clouds,13.2167,-59.5167,Wilson Hill
559,milagres,BR,82.4,few clouds,-7.3133,-38.9456,Milagres
562,anloga,GH,84.2,few clouds,5.7947,0.8973,Anloga
568,axim,GH,81.09,broken clouds,4.8699,-2.2405,Axim
569,manokwari,ID,78.98,overcast clouds,-0.8667,134.0833,Manokwari
571,la orilla,MX,83.43,broken clouds,17.9833,-102.2333,Lázaro Cárdenas
575,oranjestad,AW,84.2,few clouds,12.524000000000001,-70.027,Oranjestad
576,natal,BR,80.6,few clouds,-5.795,-35.2094,Natal
578,caravelas,BR,73.53,overcast clouds,-17.7125,-39.2481,Caravelas
584,makakilo city,US,82.0,clear sky,21.3469,-158.0858,Kapolei
585,saint-pierre,RE,75.2,heavy intensity rain,-21.3393,55.4781,Saint Pierre
586,pa sang,TH,78.01,few clouds,18.5262,98.9394,Ton Thong
587,pattukkottai,IN,82.31,overcast clouds,10.4333,79.3167,Pattukkottai
588,sumbe,AO,79.29,overcast clouds,-11.2061,13.8437,Sumbe
591,padang,ID,77.27,overcast clouds,-0.9492,100.3543,Padang
592,jiwani,PK,80.33,clear sky,25.05,61.7417,Jīwani
593,ugoofaaru,MV,83.17,overcast clouds,5.6667,73.0,Ungoofaaru
598,bilma,NE,87.82,clear sky,18.6853,12.9164,Bilma
600,soyo,AO,78.48,light rain,-6.1349,12.3689,Soyo
604,razole,IN,80.58,scattered clouds,16.4833,81.8333,Tatipaka
605,lao cai,VN,74.17,broken clouds,22.4833,103.95,Honghe Hani and Yi Autonomous Prefecture
606,grand gaube,MU,75.99,overcast clouds,-20.0064,57.6608,Goodlands
607,kimbe,PG,79.27,overcast clouds,-5.5502,150.1429,Kimbe
608,anori,BR,75.78,broken clouds,-3.7728,-61.6442,Anori
609,yarada,IN,82.4,mist,17.65,83.2667,Visakhapatnam
610,grand-santi,GF,72.1,heavy intensity rain,4.25,-54.3833,Grand-Santi
613,kota kinabalu,MY,75.2,few clouds,5.9749,116.0724,Kota Kinabalu
615,conceicao da barra,BR,71.8,broken clouds,-18.5933,-39.7322,Conceição da Barra
616,portland,US,75.0,few clouds,45.5234,-122.6762,Portland
617,sargur,IN,71.91,overcast clouds,11.9833,76.4167,Sargur
619,sinnamary,GF,75.33,overcast clouds,5.3833,-52.95,Sinnamary
621,bela,IN,87.69,overcast clouds,25.9333,81.9833,Bela Pratapgarh
622,rantauprapat,ID,73.18,overcast clouds,2.1,99.8333,Kampungtempel
627,atar,MR,83.88,broken clouds,20.5169,-13.0499,Atar
628,kutum,SD,78.13,clear sky,14.2,24.6667,Kutum
632,avera,US,75.2,broken clouds,33.194,-82.5271,Avera
633,baghdad,IQ,78.8,clear sky,33.3406,44.4009,Baghdad
636,maradi,NE,88.61,clear sky,13.5,7.1017,Maradi
638,iralaya,HN,87.8,broken clouds,15.0,-83.2333,Iralaya
642,mahibadhoo,MV,82.69,scattered clouds,3.7833,72.9667,Omadhoo
645,angoche,MZ,73.24,scattered clouds,-16.2325,39.9086,Angoche Island
647,barreirinhas,BR,75.2,overcast clouds,-2.7469,-42.8264,Barreirinhas
649,birao,CF,87.03,broken clouds,10.2849,22.7882,Birao
654,nabire,ID,76.73,overcast clouds,-3.3667,135.4833,Nabire
659,vilhena,BR,78.8,scattered clouds,-12.7406,-60.1458,Vilhena
661,nieuw nickerie,SR,78.3,broken clouds,5.95,-56.9833,Nieuw Nickerie
664,luanda,AO,77.0,overcast clouds,-8.8368,13.2343,Luanda
666,mahanoro,MG,71.22,overcast clouds,-19.9,48.8,Mahanoro
