City_ID,City,Country,Lat,Lng,Max Temp,Humidity,Cloudiness,Wind Speed,Current Description,Rain (inches),Snow (inches)
0,marsa matruh,EG,31.3525,27.2453,60.8,67,75,11.5,broken clouds,0.0,0.0
1,rikitea,PF,-23.1203,-134.9692,77.68,72,34,4.81,scattered clouds,0.0,0.0
2,torbay,CA,47.6666,-52.7314,39.0,93,90,20.71,light intensity drizzle,0.0,0.0
3,port macquarie,AU,-31.4333,152.9167,59.0,77,15,1.99,few clouds,0.0,0.0
4,aloleng,PH,16.1307,119.7824,80.76,75,96,7.47,overcast clouds,0.0,0.0
5,punta arenas,CL,-53.15,-70.9167,48.2,53,20,17.27,few clouds,0.0,0.0
6,cherskiy,RU,68.75,161.3,34.84,72,47,22.3,scattered clouds,0.0,0.0
7,albany,US,42.6001,-73.9662,55.99,50,97,1.99,overcast clouds,0.0,0.0
8,gazojak,TM,41.1875,61.4036,54.9,48,32,15.97,scattered clouds,0.0,0.0
9,pisco,PE,-13.7,-76.2167,71.6,73,4,27.63,dust,0.0,0.0
10,pontianak,ID,-0.0333,109.3333,75.2,94,7,2.3,clear sky,0.0,0.0
11,pakokku,MM,21.3333,95.1,84.94,39,0,3.02,clear sky,0.0,0.0
12,hilo,US,19.7297,-155.09,84.2,51,40,12.66,scattered clouds,0.0,0.0
13,hithadhoo,MV,-0.6,73.0833,82.09,68,73,6.26,broken clouds,0.0,0.0
14,tuktoyaktuk,CA,69.4541,-133.0374,19.4,86,90,26.46,snow,0.0,0.0
15,lingao,CN,19.9103,109.6859,75.36,89,6,14.94,clear sky,0.0,0.0
16,piacabucu,BR,-10.4056,-36.4344,78.49,82,95,9.04,overcast clouds,0.0,0.0
17,kaitangata,NZ,-46.2817,169.8464,54.95,63,8,4.94,clear sky,0.0,0.0
18,vila velha,BR,-20.3297,-40.2925,78.01,83,75,2.3,broken clouds,0.0,0.0
19,ushuaia,AR,-54.8,-68.3,46.4,61,0,6.35,clear sky,0.0,0.0
20,bambous virieux,MU,-20.3428,57.7575,77.0,94,75,11.5,broken clouds,0.0,0.0
21,yashan,CN,22.1975,109.9419,72.73,95,96,8.43,overcast clouds,0.0,0.0
22,kavaratti,IN,10.5669,72.642,83.34,72,83,7.0,broken clouds,0.0,0.0
23,port alfred,ZA,-33.5906,26.891,66.34,83,88,15.7,overcast clouds,0.0,0.0
24,tomatlan,MX,19.9333,-105.25,87.37,34,0,11.25,clear sky,0.0,0.0
25,castro,BR,-24.7911,-50.0119,59.95,86,51,7.9,broken clouds,0.0,0.0
26,chokurdakh,RU,70.6333,147.9167,22.59,96,100,3.31,overcast clouds,0.0,0.0
27,elista,RU,46.3078,44.2558,55.4,82,100,6.71,overcast clouds,0.0,0.0
28,kawalu,ID,-7.3817,108.2082,70.14,92,28,1.3,scattered clouds,0.0,0.0
29,beringovskiy,RU,63.05,179.3167,26.64,70,10,1.39,clear sky,0.0,0.0
30,east london,ZA,-33.0153,27.9116,65.41,84,53,12.17,broken clouds,0.0,0.0
31,airai,TL,-8.9266,125.4092,57.38,89,87,1.01,overcast clouds,0.0,0.0
32,maceio,BR,-9.6658,-35.7353,77.0,88,0,4.61,clear sky,0.0,0.0
33,porto novo,BJ,6.4965,2.6036,82.4,83,20,8.05,few clouds,0.0,0.0
34,hobyo,SO,5.3505,48.5268,83.52,71,92,11.01,overcast clouds,0.0,0.0
35,cayenne,GF,4.9333,-52.3333,78.8,89,0,2.3,moderate rain,1.69,0.0
36,provideniya,RU,64.3833,-173.3,26.6,59,0,6.71,clear sky,0.0,0.0
37,balikpapan,ID,-1.2675,116.8289,75.49,88,100,6.6,overcast clouds,0.0,0.0
38,mataura,NZ,-46.1927,168.8643,57.0,74,10,7.0,clear sky,0.0,0.0
39,katsuura,JP,35.1333,140.3,63.0,55,0,13.8,clear sky,0.0,0.0
40,fairbanks,US,64.8378,-147.7164,43.0,36,1,10.36,clear sky,0.0,0.0
41,saskylakh,RU,71.9167,114.0833,-14.24,100,89,2.19,overcast clouds,0.0,0.0
42,souillac,MU,-20.5167,57.5167,77.0,94,75,11.5,broken clouds,0.0,0.0
43,ikwiriri,TZ,-7.9562,38.9716,71.49,98,100,2.84,overcast clouds,0.0,0.0
44,saint george,US,37.1041,-113.5841,79.0,10,1,6.91,clear sky,0.0,0.0
45,pulivendla,IN,14.4167,78.2333,84.22,46,100,4.72,overcast clouds,0.0,0.0
46,sao filipe,CV,14.8961,-24.4956,73.09,73,100,10.6,overcast clouds,0.0,0.0
47,geraldton,AU,-28.7667,114.6,64.4,59,0,18.41,clear sky,0.0,0.0
48,northam,GB,51.0333,-4.2167,48.0,75,97,1.01,overcast clouds,0.0,0.0
49,abnub,EG,27.2696,31.1511,82.4,32,0,13.8,clear sky,0.0,0.0
50,barrow,US,71.2906,-156.7887,17.6,67,1,14.97,clear sky,0.0,0.0
51,hobart,AU,-42.8794,147.3294,41.0,75,20,5.75,few clouds,0.0,0.0
52,hami,CN,42.8,93.45,62.69,27,10,9.01,clear sky,0.0,0.0
53,bratslav,UA,48.8226,28.9407,41.0,87,42,5.73,scattered clouds,0.0,0.0
54,kapaa,US,22.0752,-159.319,77.0,78,75,10.36,light rain,0.22,0.0
55,panjakent,TJ,39.4952,67.6093,57.2,58,73,9.22,broken clouds,0.0,0.0
56,novyy urgal,RU,51.0736,132.5642,31.73,48,1,1.72,clear sky,0.0,0.0
57,salalah,OM,17.0151,54.0924,80.6,83,0,1.14,clear sky,0.0,0.0
58,namibe,AO,-15.1961,12.1522,81.12,78,53,1.68,broken clouds,0.0,0.0
59,nagato,JP,34.3833,131.2,57.2,76,0,2.3,clear sky,0.0,0.0
60,vaini,TO,-21.2,-175.2,82.4,78,20,5.75,few clouds,0.0,0.0
61,saldanha,ZA,-33.0117,17.9442,60.8,67,79,2.59,broken clouds,0.0,0.0
62,atuona,PF,-9.8,-139.0333,80.64,70,2,17.76,clear sky,0.0,0.0
63,chebsara,RU,59.2002,38.8356,38.97,68,100,7.7,overcast clouds,0.0,0.0
64,kruisfontein,ZA,-34.0033,24.7314,60.01,92,21,1.99,few clouds,0.0,0.0
65,cape town,ZA,-33.9258,18.4232,61.0,88,0,6.91,clear sky,0.0,0.0
66,kavieng,PG,-2.5744,150.7967,82.65,74,100,4.21,overcast clouds,0.0,0.0
67,jamestown,US,42.097,-79.2353,39.0,65,90,12.66,overcast clouds,0.0,0.0
68,dikson,RU,73.5069,80.5464,6.64,91,100,20.07,overcast clouds,0.0,0.0
69,moose factory,CA,51.2585,-80.6094,17.6,86,90,13.8,snow,0.0,1.29
70,busselton,AU,-33.65,115.3333,45.0,90,3,1.01,clear sky,0.0,0.0
71,port elizabeth,ZA,-33.918,25.5701,62.6,94,0,8.05,clear sky,0.0,0.0
72,ahipara,NZ,-35.1667,173.1667,65.79,85,20,2.55,few clouds,0.0,0.0
73,bredasdorp,ZA,-34.5322,20.0403,53.6,94,99,3.69,overcast clouds,0.0,0.0
74,san patricio,US,28.017,-97.5169,79.0,53,20,13.8,few clouds,0.0,0.0
75,curitibanos,BR,-27.2828,-50.5844,60.35,67,62,5.66,broken clouds,0.0,0.0
76,aguadilla,PR,18.4275,-67.1541,82.0,74,75,12.66,broken clouds,0.0,0.0
77,gat,IL,31.61,34.7642,66.0,100,1,5.39,clear sky,0.0,0.0
78,santa marta,CO,11.2408,-74.199,95.0,43,20,17.27,few clouds,0.0,0.0
79,inhambane,MZ,-23.865,35.3833,69.85,85,21,7.14,few clouds,0.0,0.0
80,baculin,PH,7.4525,126.5842,78.26,72,99,3.53,overcast clouds,0.0,0.0
81,ancud,CL,-41.8697,-73.8203,50.0,100,90,3.65,moderate rain,1.14,0.0
82,bluff,NZ,-46.6,168.3333,57.0,74,65,7.0,moderate rain,1.43,0.0
83,qaanaaq,GL,77.484,-69.3632,0.84,73,99,5.82,overcast clouds,0.0,0.0
84,arraial do cabo,BR,-22.9661,-42.0278,75.2,78,0,34.52,clear sky,0.0,0.0
85,bandarbeyla,SO,9.4942,50.8122,81.63,77,100,5.01,overcast clouds,0.0,0.0
86,andenes,NO,69.3143,16.1194,44.01,75,75,12.66,broken clouds,0.0,0.0
87,pevek,RU,69.7008,170.3133,27.25,69,24,19.17,few clouds,0.0,0.0
88,mar del plata,AR,-38.0023,-57.5575,68.0,83,0,19.57,clear sky,0.0,0.0
89,cidreira,BR,-30.1811,-50.2056,69.33,78,14,15.93,few clouds,0.0,0.0
90,narsaq,GL,60.9167,-46.05,42.8,42,20,8.05,few clouds,0.0,0.0
91,puerto ayora,EC,-0.7393,-90.3518,82.4,74,20,11.5,few clouds,0.0,0.0
92,la paz,BO,-16.5,-68.15,57.2,23,20,5.75,few clouds,0.0,0.0
93,butaritari,KI,3.0707,172.7902,81.72,77,100,17.76,light rain,0.19,0.0
94,kendari,ID,-3.945,122.4989,73.72,94,100,4.25,overcast clouds,0.0,0.0
95,lagoa,PT,39.05,-27.9833,61.32,90,99,19.33,overcast clouds,0.0,0.0
96,huambo,AO,-12.7761,15.7392,65.23,59,97,2.48,overcast clouds,0.0,0.0
97,camacha,PT,33.0833,-16.3333,62.6,77,40,3.44,scattered clouds,0.0,0.0
98,clyde river,CA,70.4692,-68.5914,6.8,85,40,3.44,scattered clouds,0.0,0.0
99,nelson bay,AU,-32.7167,152.15,61.0,55,0,16.11,clear sky,0.0,0.0
100,tuatapere,NZ,-46.1333,167.6833,57.0,74,99,7.0,heavy intensity rain,9.99,0.0
101,ketchikan,US,55.3422,-131.6461,57.2,58,1,12.66,clear sky,0.0,0.0
102,richards bay,ZA,-28.783,32.0377,67.68,86,78,4.85,broken clouds,0.0,0.0
103,san rafael,AR,-34.6177,-68.3301,68.0,88,40,11.5,heavy intensity rain,5.39,0.0
104,tasiilaq,GL,65.6145,-37.6368,23.5,72,93,5.01,overcast clouds,0.0,0.0
105,yamandu,SL,7.9362,-11.4928,78.19,88,73,4.54,heavy intensity rain,7.32,0.0
106,khorixas,NA,-20.3667,14.9667,74.21,28,31,9.06,scattered clouds,0.0,0.0
107,umm kaddadah,SD,13.6017,26.6876,83.89,9,6,12.75,clear sky,0.0,0.0
108,ust-kuyga,RU,70.0167,135.6,14.65,92,100,3.27,overcast clouds,0.0,0.0
109,niamey,NE,13.5137,2.1098,98.6,9,17,3.44,few clouds,0.0,0.0
110,san isidro,PE,-12.1167,-77.05,73.0,73,0,18.41,clear sky,0.0,0.0
111,lulea,SE,65.5842,22.1547,37.4,75,36,8.3,scattered clouds,0.0,0.0
112,avarua,CK,-21.2078,-159.775,80.6,69,40,11.5,light rain,0.11,0.0
113,green river,US,41.5286,-109.4662,37.0,40,20,8.05,few clouds,0.0,0.0
114,severo-kurilsk,RU,50.6789,156.125,34.75,95,99,20.6,overcast clouds,0.0,0.0
115,yatou,CN,37.15,122.3833,51.26,52,100,3.96,overcast clouds,0.0,0.0
116,piqua,US,40.1448,-84.2424,45.0,56,90,14.97,overcast clouds,0.0,0.0
117,bethel,US,41.3712,-73.414,73.4,25,75,11.5,broken clouds,0.0,0.0
118,ossora,RU,59.2353,163.0719,32.92,94,95,8.95,overcast clouds,0.0,0.0
119,mahebourg,MU,-20.4081,57.7,77.0,94,75,11.5,broken clouds,0.0,0.0
120,xining,CN,36.6167,101.7667,45.68,54,100,1.25,overcast clouds,0.0,0.0
121,meulaboh,ID,4.1363,96.1285,76.84,87,91,4.27,overcast clouds,0.0,0.0
122,dandong,CN,40.1292,124.3947,50.34,72,11,0.83,few clouds,0.0,0.0
123,yellowknife,CA,62.456,-114.3525,42.8,52,20,8.05,few clouds,0.0,0.0
124,alyangula,AU,-13.8483,136.4192,75.2,100,93,7.72,overcast clouds,0.0,0.0
125,khatanga,RU,71.9667,102.5,-11.79,100,100,2.55,overcast clouds,0.0,0.0
126,tezu,IN,27.9167,96.1667,67.23,40,17,4.7,few clouds,0.0,0.0
127,kodiak,US,57.79,-152.4072,44.6,81,40,8.05,scattered clouds,0.0,0.0
128,sfantu gheorghe,RO,45.8667,25.7833,43.0,90,99,1.01,overcast clouds,0.0,0.0
129,havoysund,NO,70.9963,24.6622,46.4,53,0,6.91,clear sky,0.0,0.0
130,tiksi,RU,71.6872,128.8694,11.1,95,100,10.96,light snow,0.0,0.35
131,timmins,CA,48.4669,-81.3331,15.8,86,90,13.8,snow,0.0,0.0
132,seoul,KR,37.5683,126.9778,46.4,93,80,2.13,mist,0.0,0.0
133,hermanus,ZA,-34.4187,19.2345,61.0,85,100,3.0,overcast clouds,0.0,0.0
134,longyearbyen,SJ,78.2186,15.6401,26.6,74,75,12.66,broken clouds,0.0,0.0
135,dukat,RU,62.55,155.55,22.98,94,100,8.3,overcast clouds,0.0,0.0
136,hasaki,JP,35.7333,140.8333,57.2,77,20,3.44,few clouds,0.0,0.0
137,hualmay,PE,-11.0964,-77.6139,70.48,79,7,13.65,clear sky,0.0,0.0
138,esperance,AU,-33.8667,121.9,53.6,94,40,4.61,scattered clouds,0.0,0.0
139,ribeira grande,PT,38.5167,-28.7,62.49,90,100,13.44,overcast clouds,0.0,0.0
140,la brea,HN,15.8,-85.9667,89.6,62,75,6.91,broken clouds,0.0,0.0
141,carnarvon,AU,-24.8667,113.6333,66.2,68,0,9.22,clear sky,0.0,0.0
142,largo,US,27.9095,-82.7873,79.0,73,75,5.75,broken clouds,0.0,0.0
143,vila do maio,CV,15.1333,-23.2167,71.6,73,0,14.97,clear sky,0.0,0.0
144,rio gallegos,AR,-51.6226,-69.2181,53.6,43,0,14.97,clear sky,0.0,0.0
145,luderitz,NA,-26.6481,15.1594,70.3,57,8,6.64,clear sky,0.0,0.0
146,palu,ID,-0.8917,119.8707,73.62,89,93,2.93,overcast clouds,0.0,0.0
147,shetpe,KZ,44.1667,52.1167,58.28,51,100,27.09,overcast clouds,0.0,0.0
148,lindas,NO,60.7381,5.16,39.99,90,98,3.0,light rain,0.37,0.0
149,sorland,NO,67.667,12.6934,41.47,86,100,23.73,overcast clouds,0.0,0.0
150,amahai,ID,-3.3333,128.9167,78.49,85,99,2.06,overcast clouds,0.0,0.0
151,hambantota,LK,6.1241,81.1185,78.8,100,20,3.44,few clouds,0.0,0.0
152,iqaluit,CA,63.7506,-68.5145,24.8,80,90,25.32,overcast clouds,0.0,0.0
153,auki,SB,-8.7676,160.7034,84.18,70,97,2.91,overcast clouds,0.0,0.0
154,yumen,CN,40.2833,97.2,53.38,24,47,6.78,scattered clouds,0.0,0.0
155,kisangani,CD,0.5167,25.2,69.66,99,97,1.77,overcast clouds,0.0,0.0
156,saint-philippe,RE,-21.3585,55.7679,75.2,94,75,6.91,moderate rain,2.15,0.0
157,benguela,AO,-12.5763,13.4055,79.77,86,54,3.78,broken clouds,0.0,0.0
158,kralendijk,BQ,12.15,-68.2667,84.2,65,20,24.16,few clouds,0.0,0.0
159,necochea,AR,-38.5473,-58.7368,68.0,68,0,7.0,clear sky,0.0,0.0
160,elat,IL,29.5581,34.9482,82.4,44,0,13.8,clear sky,0.0,0.0
161,polovinnoye,RU,54.7914,65.9864,32.85,62,12,9.13,few clouds,0.0,0.0
162,krasnoarmeysk,RU,51.0239,45.6969,45.0,68,100,15.99,overcast clouds,0.0,0.0
163,new norfolk,AU,-42.7826,147.0587,41.0,86,13,2.71,few clouds,0.0,0.0
164,vostok,RU,46.4856,135.8833,34.63,32,0,7.49,clear sky,0.0,0.0
165,virginia beach,US,36.8529,-75.978,73.4,43,75,13.8,broken clouds,0.0,0.0
166,anadyr,RU,64.75,177.4833,14.0,85,20,6.71,fog,0.0,0.0
167,mount isa,AU,-20.7333,139.5,69.8,30,5,5.75,clear sky,0.0,0.0
168,helong,CN,42.5397,128.9972,49.37,49,40,3.98,scattered clouds,0.0,0.0
169,kulu,TR,39.0951,33.0799,49.64,54,59,9.22,broken clouds,0.0,0.0
170,kurchum,KZ,48.5722,83.6542,30.22,54,98,10.31,overcast clouds,0.0,0.0
171,jacareacanga,BR,-6.2222,-57.7528,77.5,82,78,2.26,broken clouds,0.0,0.0
172,bantou,CN,26.2151,117.4893,61.88,89,0,2.71,clear sky,0.0,0.0
173,saint-francois,FR,46.4154,3.9054,50.0,71,0,1.14,clear sky,0.0,0.0
174,sisimiut,GL,66.9395,-53.6735,23.77,70,1,4.85,clear sky,0.0,0.0
175,norman wells,CA,65.282,-126.8329,33.8,69,75,20.71,broken clouds,0.0,0.0
176,buraydah,SA,26.326,43.975,77.0,36,0,3.44,clear sky,0.0,0.0
177,yerbogachen,RU,61.2767,108.0108,19.98,95,100,4.63,light snow,0.0,0.31
178,usogorsk,RU,63.4106,48.6872,34.14,79,15,3.69,few clouds,0.0,0.0
179,sibolga,ID,1.7427,98.7792,76.66,89,100,2.73,overcast clouds,0.0,0.0
180,lebu,CL,-37.6167,-73.65,55.54,95,100,5.97,overcast clouds,0.0,0.0
181,magadan,RU,59.5667,150.8,32.5,90,100,20.94,light snow,0.0,0.23
182,cabo san lucas,MX,22.8909,-109.9124,82.0,36,1,11.5,clear sky,0.0,0.0
183,soderhamn,SE,61.3037,17.0592,45.0,74,65,6.33,broken clouds,0.0,0.0
184,jumla,NP,29.2747,82.1838,46.11,69,100,4.41,overcast clouds,0.0,0.0
185,san jose el alto,MX,20.65,-100.3667,84.2,8,40,14.97,scattered clouds,0.0,0.0
186,oudtshoorn,ZA,-33.5907,22.2014,59.0,94,20,1.14,few clouds,0.0,0.0
187,vao,NC,-22.6667,167.4833,73.17,64,40,7.27,scattered clouds,0.0,0.0
188,georgetown,MY,5.4112,100.3354,81.0,89,20,3.44,few clouds,0.0,0.0
189,haines junction,CA,60.7522,-137.5108,51.8,37,61,8.05,broken clouds,0.0,0.0
190,ambur,IN,12.7833,78.7,81.18,69,96,1.66,overcast clouds,0.0,0.0
191,coquimbo,CL,-29.9533,-71.3436,64.4,55,40,13.8,scattered clouds,0.0,0.0
192,keningau,MY,5.3378,116.1602,75.2,83,20,5.75,few clouds,0.0,0.0
193,capreol,CA,46.706,-80.9225,33.01,43,75,10.36,broken clouds,0.0,0.0
194,beloha,MG,-25.1667,45.05,70.54,74,71,14.85,broken clouds,0.0,0.0
195,goderich,CA,43.7501,-81.7165,35.6,60,100,10.36,overcast clouds,0.0,0.0
196,nikolskoye,RU,59.7035,30.7861,42.8,45,0,8.95,clear sky,0.0,0.0
197,hervey bay,AU,-25.2986,152.8535,73.99,68,24,3.0,few clouds,0.0,0.0
198,ullapool,GB,57.8987,-5.1604,37.99,72,8,4.0,clear sky,0.0,0.0
199,suntar,RU,62.1444,117.6319,13.68,85,100,5.53,overcast clouds,0.0,0.0
200,klyuchi,RU,52.2667,79.1667,25.79,43,3,5.28,clear sky,0.0,0.0
201,burke,US,38.7934,-77.2717,75.2,27,1,12.66,clear sky,0.0,0.0
202,tromso,NO,69.6496,18.957,42.8,65,0,1.14,clear sky,0.0,0.0
203,coruripe,BR,-10.1256,-36.1756,78.19,82,76,9.06,broken clouds,0.0,0.0
204,calatayud,ES,41.3535,-1.6432,59.0,100,40,2.75,mist,0.0,0.0
205,san carlos de bariloche,AR,-41.1456,-71.3082,59.0,47,20,11.5,few clouds,0.0,0.0
206,yoichi,JP,43.2039,140.7703,42.8,42,20,5.75,few clouds,0.0,0.0
207,basoko,CD,1.2391,23.616,70.3,95,73,2.53,broken clouds,0.0,0.0
208,abu kamal,SY,34.4506,40.9171,84.76,21,82,9.91,broken clouds,0.0,0.0
209,poum,NC,-20.2333,164.0167,77.88,80,93,8.68,overcast clouds,0.0,0.0
210,honningsvag,NO,70.9821,25.9704,41.0,65,0,17.27,clear sky,0.0,0.0
211,bengkulu,ID,-3.8004,102.2655,75.47,89,53,3.89,broken clouds,0.0,0.0
212,pangnirtung,CA,66.1451,-65.7125,19.4,86,75,4.61,broken clouds,0.0,0.0
213,chuy,UY,-33.6971,-53.4616,64.9,74,5,8.97,clear sky,0.0,0.0
214,ponta delgada,PT,37.7333,-25.6667,62.6,94,75,12.66,broken clouds,0.0,0.0
215,kayes,ML,14.0,-11.0,96.82,10,6,6.2,clear sky,0.0,0.0
216,mezica,SI,46.5214,14.8544,43.0,90,28,1.99,scattered clouds,0.0,0.0
217,la ronge,CA,55.1001,-105.2842,44.6,26,81,6.91,broken clouds,0.0,0.0
218,ayan,RU,56.45,138.1667,27.77,73,68,9.1,broken clouds,0.0,0.0
219,santa luzia,BR,-19.7697,-43.8514,77.0,46,20,4.61,few clouds,0.0,0.0
220,la plata,AR,-34.9215,-57.9545,70.0,82,22,1.99,few clouds,0.0,0.0
221,thompson,CA,55.7435,-97.8558,33.8,75,90,12.66,overcast clouds,0.0,0.0
222,hohhot,CN,40.8106,111.6522,53.6,58,0,6.71,clear sky,0.0,0.0
223,birmitrapur,IN,22.4,84.7667,76.96,58,3,0.72,clear sky,0.0,0.0
224,lakeway,US,30.3638,-97.9796,72.0,37,1,12.66,clear sky,0.0,0.0
225,innisfail,AU,-17.5333,146.0333,74.44,91,97,3.02,light rain,0.999,0.0
226,sulangan,PH,11.1373,123.7228,81.99,77,100,15.68,overcast clouds,0.0,0.0
227,ostrovnoy,RU,68.0531,39.5131,35.13,67,0,20.83,clear sky,0.0,0.0
228,guerrero negro,MX,27.9769,-114.0611,71.24,50,3,16.31,clear sky,0.0,0.0
229,codrington,AU,-38.2667,141.9667,50.07,62,100,5.66,overcast clouds,0.0,0.0
230,erzin,TR,36.9559,36.2,66.0,77,79,3.49,broken clouds,0.0,0.0
231,muros,ES,42.7762,-9.0603,54.0,94,88,0.78,overcast clouds,0.0,0.0
232,zeya,RU,53.75,127.2667,31.21,57,7,4.68,clear sky,0.0,0.0
233,hirado,JP,33.3597,129.5531,59.0,82,0,3.44,clear sky,0.0,0.0
234,faanui,PF,-16.4833,-151.75,81.66,72,61,10.71,light rain,0.17,0.0
235,manicore,BR,-5.8092,-61.3003,84.2,79,0,5.75,moderate rain,2.57,0.0
236,young,UY,-32.6833,-57.6333,66.74,72,0,14.74,clear sky,0.0,0.0
237,yar-sale,RU,66.8333,70.8333,7.81,99,99,5.75,overcast clouds,0.0,0.0
238,tokur,RU,53.1333,132.9,23.32,80,52,2.95,broken clouds,0.0,0.0
239,mount gambier,AU,-37.8333,140.7667,42.8,87,90,4.61,overcast clouds,0.0,0.0
240,comodoro rivadavia,AR,-45.8667,-67.5,55.4,71,0,3.44,clear sky,0.0,0.0
241,calafindesti,RO,47.85,26.1167,48.2,76,0,9.22,clear sky,0.0,0.0
242,kemijarvi,FI,66.7131,27.4306,35.73,90,77,7.0,broken clouds,0.0,0.0
243,port hawkesbury,CA,45.6169,-61.3485,43.0,93,40,9.22,scattered clouds,0.0,0.0
244,sorong,ID,-0.8833,131.25,80.56,83,93,4.41,overcast clouds,0.0,0.0
245,tautira,PF,-17.7333,-149.15,86.0,66,75,12.66,light rain,0.33,0.0
246,college,US,64.8569,-147.8028,43.0,38,20,13.8,few clouds,0.0,0.0
247,berlevag,NO,70.8578,29.0864,41.0,65,0,17.27,clear sky,0.0,0.0
248,dalby,AU,-27.1833,151.2667,50.0,93,0,4.61,clear sky,0.0,0.0
249,santo angelo,BR,-28.2992,-54.2631,77.0,50,0,5.75,clear sky,0.0,0.0
250,jhinjhak,IN,26.5667,79.7333,81.07,34,100,8.84,light rain,0.6,0.0
251,san cristobal,VE,7.7669,-72.225,89.6,55,40,9.22,scattered clouds,0.0,0.0
252,cockburn town,TC,21.4612,-71.1419,80.6,74,40,13.8,scattered clouds,0.0,0.0
253,eldorado,BR,-23.7869,-54.2836,70.57,64,1,5.84,clear sky,0.0,0.0
254,guarapuava,BR,-25.3953,-51.4581,55.4,77,1,3.58,clear sky,0.0,0.0
255,montepuez,MZ,-13.1256,38.9997,68.04,87,99,8.03,overcast clouds,0.0,0.0
256,kunashak,RU,55.7032,61.5498,30.2,47,0,11.18,clear sky,0.0,0.0
257,odienne,CI,9.51,-7.5692,81.99,53,43,2.68,scattered clouds,0.0,0.0
258,oktyabrskoye,RU,43.0645,44.7417,59.0,88,100,8.95,overcast clouds,0.0,0.0
259,jacksonville,US,30.3322,-81.6556,78.01,57,75,9.22,broken clouds,0.0,0.0
260,giovinazzo,IT,41.1864,16.6674,48.0,81,56,5.75,broken clouds,0.0,0.0
261,talnakh,RU,69.4865,88.3972,-11.29,85,76,2.17,broken clouds,0.0,0.0
262,popondetta,PG,-8.7537,148.2534,81.3,71,61,1.1,broken clouds,0.0,0.0
263,sadiqabad,PK,28.3062,70.1307,69.98,57,8,7.09,clear sky,0.0,0.0
264,pathein,MM,16.7833,94.7333,77.65,82,4,7.09,clear sky,0.0,0.0
265,banjar,ID,-8.19,114.9675,77.0,83,20,2.3,few clouds,0.0,0.0
266,morros,BR,-9.4467,-46.3003,74.93,78,94,4.32,light rain,0.24,0.0
267,bodden town,KY,19.2833,-81.25,86.0,70,20,12.66,few clouds,0.0,0.0
268,taoudenni,ML,22.6783,-3.9836,87.24,10,43,6.58,scattered clouds,0.0,0.0
269,palaikastron,GR,35.2,26.25,57.99,72,0,11.39,clear sky,0.0,0.0
270,sai buri,TH,6.7013,101.6168,77.67,85,90,4.38,overcast clouds,0.0,0.0
271,srednekolymsk,RU,67.45,153.6833,34.88,91,10,8.12,clear sky,0.0,0.0
272,tazovskiy,RU,67.4667,78.7,-12.66,100,63,3.06,broken clouds,0.0,0.0
273,san policarpo,PH,12.1791,125.5072,76.73,88,100,8.08,overcast clouds,0.0,0.0
274,arvin,US,35.2091,-118.8284,84.99,26,6,8.99,clear sky,0.0,0.0
275,louga,RU,58.7372,29.8453,42.17,75,100,3.56,overcast clouds,0.0,0.0
276,bilibino,RU,68.0546,166.4372,25.45,72,43,3.36,scattered clouds,0.0,0.0
277,sayyan,YE,15.1718,44.3244,57.34,31,22,3.49,few clouds,0.0,0.0
278,tiarei,PF,-17.5333,-149.3333,86.0,66,75,12.66,light rain,0.3,0.0
279,ponta do sol,PT,32.6667,-17.1,62.01,71,92,4.0,overcast clouds,0.0,0.0
280,burnie,AU,-41.0667,145.9167,41.0,81,2,1.99,clear sky,0.0,0.0
281,kieta,PG,-6.2167,155.6333,83.5,77,33,1.23,scattered clouds,0.0,0.0
282,kabelvag,NO,68.2114,14.4817,41.0,93,95,16.02,overcast clouds,0.0,0.0
283,havre-saint-pierre,CA,50.2334,-63.5986,42.8,75,90,8.05,overcast clouds,0.0,0.0
284,brejo santo,BR,-7.4933,-38.9872,82.4,69,20,3.44,light rain,0.3,0.0
285,bay roberts,CA,47.5999,-53.2648,39.99,82,100,5.99,overcast clouds,0.0,0.0
286,oksfjord,NO,70.2396,22.3479,46.4,49,0,5.75,clear sky,0.0,0.0
287,gorontalo,ID,0.5412,123.0595,74.35,90,100,1.9,overcast clouds,0.0,0.0
288,magistralnyy,RU,56.1725,107.4458,21.49,85,100,3.44,overcast clouds,0.0,0.0
289,namtsy,RU,62.7161,129.6658,5.0,72,0,2.24,clear sky,0.0,0.0
290,buala,SB,-8.145,159.5921,84.06,76,57,4.74,broken clouds,0.0,0.0
291,lavrentiya,RU,65.5833,-171.0,28.27,65,100,4.99,overcast clouds,0.0,0.0
292,port moresby,PG,-9.4431,147.1797,77.0,94,40,5.75,light rain,0.41,0.0
293,djibo,BF,14.1022,-1.6306,89.53,10,6,7.31,clear sky,0.0,0.0
294,rocha,UY,-34.4833,-54.3333,61.74,82,3,8.01,clear sky,0.0,0.0
295,katobu,ID,-4.9408,122.5276,73.06,92,96,1.45,overcast clouds,0.0,0.0
296,sarangani,PH,5.4033,125.4636,82.4,75,95,14.97,overcast clouds,0.0,0.0
297,kichera,RU,55.9375,110.0997,23.22,84,100,5.68,overcast clouds,0.0,0.0
298,ewa beach,US,21.3156,-158.0072,82.0,65,1,8.05,clear sky,0.0,0.0
299,kannapolis,US,35.4874,-80.6217,73.4,28,75,11.5,broken clouds,0.0,0.0
300,victoria,HK,22.2855,114.1577,72.0,83,80,1.99,broken clouds,0.0,0.0
301,yenagoa,NG,4.9247,6.2642,79.36,83,85,3.74,overcast clouds,0.0,0.0
302,lakselv,NO,70.0513,24.9718,46.4,46,96,16.11,overcast clouds,0.0,0.0
303,tuy hoa,VN,13.0833,109.3,75.69,91,100,2.24,overcast clouds,0.0,0.0
304,soubre,CI,5.7856,-6.6083,76.57,92,90,3.74,overcast clouds,0.0,0.0
305,santa maria,BR,-29.6842,-53.8069,73.4,60,0,9.22,clear sky,0.0,0.0
306,ust-nera,RU,64.5667,143.2,31.03,94,100,5.41,overcast clouds,0.0,0.0
307,nahrin,AF,36.0649,69.1334,56.37,54,54,6.35,broken clouds,0.0,0.0
308,srostki,RU,52.4189,85.7022,6.55,93,15,3.0,few clouds,0.0,0.0
309,fortuna,US,40.5982,-124.1573,55.0,93,90,14.97,overcast clouds,0.0,0.0
310,chingola,ZM,-12.529,27.8838,61.18,84,100,6.08,overcast clouds,0.0,0.0
311,vargashi,RU,55.3556,65.8467,32.95,68,15,7.76,few clouds,0.0,0.0
312,hanna,CA,51.6334,-111.9018,50.0,22,44,5.01,scattered clouds,0.0,0.0
313,te anau,NZ,-45.4167,167.7167,52.29,77,86,0.94,light rain,0.1752,0.0
314,port blair,IN,11.6667,92.75,80.24,75,35,3.58,scattered clouds,0.0,0.0
315,sham churasi,IN,31.4997,75.7494,68.29,50,96,10.83,heavy intensity rain,5.6608,0.0
316,santa rosa,PH,14.3122,121.1114,82.4,83,75,3.44,broken clouds,0.0,0.0
317,russell,US,32.3502,-85.1999,78.8,29,1,4.61,clear sky,0.0,0.0
318,upernavik,GL,72.7868,-56.1549,11.35,81,98,3.15,overcast clouds,0.0,0.0
319,vestmannaeyjar,IS,63.4427,-20.2734,40.05,67,19,8.59,few clouds,0.0,0.0
320,hofn,IS,64.2539,-15.2082,36.46,50,10,11.03,clear sky,0.0,0.0
321,kamenka,RU,51.3223,42.7678,53.01,93,83,17.92,broken clouds,0.0,0.0
322,port hedland,AU,-20.3167,118.5667,68.0,68,95,9.22,overcast clouds,0.0,0.0
323,maragogi,BR,-9.0122,-35.2225,78.19,81,59,7.4,broken clouds,0.0,0.0
324,yulara,AU,-25.2406,130.9889,50.0,66,0,5.75,clear sky,0.0,0.0
325,nanortalik,GL,60.1432,-45.2371,34.75,77,100,7.7,overcast clouds,0.0,0.0
326,gondanglegi,ID,-7.7479,112.0132,71.91,84,8,6.02,clear sky,0.0,0.0
327,kijang,KR,35.2442,129.2139,51.8,66,0,3.44,clear sky,0.0,0.0
328,brewster,US,41.3973,-73.6171,73.4,25,75,11.5,broken clouds,0.0,0.0
329,samarai,PG,-10.6167,150.6667,83.26,76,57,9.73,broken clouds,0.0,0.0
330,shimoda,JP,34.6667,138.95,62.01,59,4,11.52,clear sky,0.0,0.0
331,sitka,US,57.0531,-135.33,48.2,71,40,8.05,scattered clouds,0.0,0.0
332,vardo,NO,70.3705,31.1107,42.8,65,0,8.05,clear sky,0.0,0.0
333,kochi,IN,9.9399,76.2602,77.0,94,75,5.37,mist,0.0,0.0
334,oktyabrskiy,RU,54.4815,53.471,34.77,54,36,4.99,scattered clouds,0.0,0.0
335,nokha,IN,27.6,73.4167,67.35,66,4,4.74,clear sky,0.0,0.0
336,margate,GB,51.3813,1.3862,43.0,89,12,1.99,few clouds,0.0,0.0
337,santiago del estero,AR,-27.7951,-64.2615,88.03,32,75,14.61,broken clouds,0.0,0.0
338,olinda,BR,-8.0089,-34.8553,80.6,74,40,5.75,scattered clouds,0.0,0.0
339,dingle,PH,10.9995,122.6711,77.13,84,100,7.07,overcast clouds,0.0,0.0
340,korsakov,RU,46.6328,142.7813,35.6,80,75,8.95,broken clouds,0.0,0.0
341,hammerfest,NO,70.6634,23.6821,46.4,53,0,6.91,clear sky,0.0,0.0
342,tefe,BR,-3.3542,-64.7114,77.0,94,90,3.44,moderate rain,2.37,0.0
343,moosomin,CA,50.1333,-101.6677,32.41,55,100,14.67,overcast clouds,0.0,0.1
344,ilhabela,BR,-23.7781,-45.3581,70.77,84,66,7.27,broken clouds,0.0,0.0
345,constitucion,CL,-35.3333,-72.4167,57.87,91,100,22.82,moderate rain,1.461,0.0
346,broome,US,42.2506,-75.833,53.01,66,75,10.36,broken clouds,0.0,0.0
347,olcea,RO,46.6833,21.9833,46.4,93,75,4.61,broken clouds,0.0,0.0
348,devonport,AU,-41.1667,146.35,42.01,79,3,1.99,clear sky,0.0,0.0
349,ormara,PK,25.2088,64.6357,80.35,73,0,14.85,clear sky,0.0,0.0
350,bushehr,IR,28.9684,50.8385,78.3,45,88,2.84,overcast clouds,0.0,0.0
351,adrar,MR,20.5022,-10.0711,84.51,7,95,8.23,overcast clouds,0.0,0.0
352,hokitika,NZ,-42.7167,170.9667,56.95,64,89,3.02,overcast clouds,0.0,0.0
353,half moon bay,US,37.4636,-122.4286,59.0,82,90,20.71,overcast clouds,0.0,0.0
354,jalu,LY,29.0331,21.5482,64.13,32,28,11.34,scattered clouds,0.0,0.0
355,hirtshals,DK,57.5881,9.9592,46.99,81,100,6.91,overcast clouds,0.0,0.0
356,san antonio,US,29.4241,-98.4936,87.8,28,1,6.91,clear sky,0.0,0.0
357,bambanglipuro,ID,-7.95,110.2833,73.42,84,5,4.88,clear sky,0.0,0.0
358,muroto,JP,33.2833,134.15,53.6,82,0,6.91,clear sky,0.0,0.0
359,muhlhausen,DE,51.2167,10.45,46.99,83,1,1.99,clear sky,0.0,0.0
360,boa vista,BR,2.8197,-60.6733,87.8,42,40,10.36,scattered clouds,0.0,0.0
361,khingansk,RU,49.1167,131.1833,38.01,30,0,0.56,clear sky,0.0,0.0
362,taksimo,RU,56.3444,114.8794,26.02,82,100,2.62,overcast clouds,0.0,0.0
363,phuket,TH,8.0,98.25,84.0,94,20,3.98,few clouds,0.0,0.0
364,altamira,BR,-3.2033,-52.2064,82.4,89,20,2.8,few clouds,0.0,0.0
365,tessalit,ML,20.1986,1.0114,84.92,5,94,6.51,overcast clouds,0.0,0.0
366,san clemente,US,33.427,-117.612,66.99,76,19,7.0,few clouds,0.0,0.0
367,aykhal,RU,66.0,111.5,0.88,99,86,2.44,overcast clouds,0.0,0.0
368,evensk,RU,61.95,159.2333,30.47,83,93,13.04,overcast clouds,0.0,0.0
369,manzhouli,CN,49.6,117.4333,48.18,36,10,5.39,clear sky,0.0,0.0
370,gbongan,NG,7.4667,4.35,75.11,96,92,1.72,overcast clouds,0.0,0.0
371,olafsvik,IS,64.8945,-23.7142,39.42,77,45,11.68,scattered clouds,0.0,0.0
372,coleraine,GB,55.1333,-6.6667,42.8,81,0,4.61,clear sky,0.0,0.0
373,medicine hat,CA,50.0501,-110.6683,50.0,27,40,3.44,scattered clouds,0.0,0.0
374,belaya gora,RU,68.5333,146.4167,18.5,94,100,1.28,overcast clouds,0.0,0.0
375,udayagiri,IN,20.1333,84.3833,74.5,60,3,2.57,clear sky,0.0,0.0
376,bluefields,NI,12.0137,-83.7635,78.8,89,75,6.93,broken clouds,0.0,0.0
377,viedma,AR,-40.8135,-62.9967,70.97,59,55,17.11,broken clouds,0.0,0.0
378,lorengau,PG,-2.0226,147.2712,82.63,79,100,9.46,light rain,0.19,0.0
379,susanville,US,40.4163,-120.653,66.2,18,75,13.8,broken clouds,0.0,0.0
380,baishishan,CN,43.5833,127.5667,47.46,38,17,1.97,few clouds,0.0,0.0
381,marathon,US,44.9,-89.7668,42.8,31,90,11.5,overcast clouds,0.0,0.0
382,paamiut,GL,61.994,-49.6678,31.3,93,11,14.07,few clouds,0.0,0.0
383,ust-tsilma,RU,65.441,52.1498,29.14,96,10,3.04,clear sky,0.0,0.0
384,celestun,MX,20.8667,-90.4,83.34,70,46,9.62,scattered clouds,0.0,0.0
385,znamenskoye,RU,57.1281,73.8282,28.33,85,71,8.21,broken clouds,0.0,0.0
386,bardsir,IR,29.9227,56.5743,60.8,27,0,6.91,clear sky,0.0,0.0
387,cabedelo,BR,-6.9811,-34.8339,78.8,100,20,6.91,few clouds,0.0,0.0
388,jalalabad,AF,34.4265,70.4515,65.64,52,74,1.74,broken clouds,0.0,0.0
389,nyurba,RU,63.2842,118.3319,1.76,99,98,3.47,overcast clouds,0.0,0.0
390,sao jose da coroa grande,BR,-8.8978,-35.1478,78.66,81,63,7.23,broken clouds,0.0,0.0
391,dunedin,NZ,-45.8742,170.5036,57.2,58,6,2.35,clear sky,0.0,0.0
392,arlit,NE,18.7369,7.3853,87.12,7,28,3.31,scattered clouds,0.0,0.0
393,ponerihouen,NC,-21.0833,165.4,74.64,83,94,5.93,overcast clouds,0.0,0.0
394,penzance,GB,50.1186,-5.5371,46.0,87,40,4.61,haze,0.0,0.0
395,nsunga,TZ,-1.1439,31.3947,66.2,88,0,2.06,clear sky,0.0,0.0
396,redmond,US,47.674,-122.1215,72.0,33,5,6.58,clear sky,0.0,0.0
397,fonyod,HU,46.7555,17.5795,46.0,100,34,3.44,scattered clouds,0.0,0.0
398,leshukonskoye,RU,64.8989,45.7622,32.92,81,4,4.23,clear sky,0.0,0.0
399,jinchang,CN,38.4953,102.1739,52.3,39,65,5.84,broken clouds,0.0,0.0
400,atasu,KZ,48.6814,71.6433,24.78,40,0,13.91,clear sky,0.0,0.0
401,douglas,US,41.3,-96.167,48.2,23,75,11.5,broken clouds,0.0,0.0
402,ijui,BR,-28.3878,-53.9147,77.0,50,0,5.75,clear sky,0.0,0.0
403,isangel,VU,-19.55,169.2667,80.6,94,75,9.8,broken clouds,0.0,0.0
404,creel,MX,27.75,-107.6333,70.48,10,3,8.72,clear sky,0.0,0.0
405,santa isabel,BR,-23.3156,-46.2214,66.2,77,75,3.44,broken clouds,0.0,0.0
406,quatre cocos,MU,-20.2078,57.7625,77.0,94,75,11.5,broken clouds,0.0,0.0
407,naryan-mar,RU,67.6713,53.087,28.2,83,33,9.57,scattered clouds,0.0,0.0
408,agadir,MA,30.4202,-9.5982,64.4,77,0,10.36,clear sky,0.0,0.0
409,lensk,RU,60.7253,114.9278,21.63,93,100,6.17,light snow,0.0,0.19
410,taree,AU,-31.9,152.4667,55.99,87,17,9.22,few clouds,0.0,0.0
411,houma,US,29.5958,-90.7195,80.01,38,1,6.91,clear sky,0.0,0.0
412,iseyin,NG,7.9667,3.6,78.78,81,93,5.91,overcast clouds,0.0,0.0
413,the valley,AI,18.217,-63.0578,82.4,69,20,14.97,few clouds,0.0,0.0
414,kasongo,CD,-4.45,26.6667,69.06,98,100,1.95,light rain,0.32,0.0
415,san lorenzo,PY,-25.3333,-57.5333,84.2,54,0,4.61,clear sky,0.0,0.0
416,lagunas,PE,-5.2269,-75.6753,80.55,80,89,3.04,overcast clouds,0.0,0.0
417,kisarawe,TZ,-6.9,39.0667,77.0,94,75,13.8,broken clouds,0.0,0.0
418,cam ranh,VN,11.9214,109.1591,78.8,89,20,1.14,few clouds,0.0,0.0
419,tigzirt,DZ,36.8886,4.1198,59.94,64,81,5.73,broken clouds,0.0,0.0
420,poniatowa,PL,51.1798,22.1309,44.01,93,72,6.91,broken clouds,0.0,0.0
421,nador,MA,35.174,-2.9287,64.4,55,0,8.05,clear sky,0.0,0.0
422,moree,AU,-29.4667,149.85,50.0,87,0,3.44,clear sky,0.0,0.0
423,turukhansk,RU,65.8167,87.9833,-3.42,99,22,5.14,few clouds,0.0,0.0
424,zomin,UZ,39.9606,68.3958,55.58,77,98,5.26,overcast clouds,0.0,0.0
425,dalvik,IS,65.9702,-18.5286,39.2,56,20,13.8,few clouds,0.0,0.0
426,south valley,US,35.0101,-106.6781,71.01,13,75,13.8,broken clouds,0.0,0.0
427,santa isabel do rio negro,BR,-0.4139,-65.0192,76.05,93,78,1.88,broken clouds,0.0,0.0
428,murgab,TM,37.4966,61.9714,66.2,48,90,6.91,overcast clouds,0.0,0.0
429,ta khmau,KH,11.4833,104.95,80.6,89,40,3.44,scattered clouds,0.0,0.0
430,vila franca do campo,PT,37.7167,-25.4333,62.6,94,75,12.66,broken clouds,0.0,0.0
431,ilulissat,GL,69.2167,-51.1,15.8,73,45,5.75,scattered clouds,0.0,0.0
432,samthar,IN,25.85,78.9167,81.57,32,100,4.72,overcast clouds,0.0,0.0
433,salihorsk,BY,52.7876,27.5415,38.89,91,51,4.43,broken clouds,0.0,0.0
434,tarko-sale,RU,64.9225,77.785,-4.0,83,13,4.36,few clouds,0.0,0.0
435,umrala,IN,21.8333,71.8167,84.56,45,97,10.49,overcast clouds,0.0,0.0
436,tigil,RU,57.8,158.6667,35.98,74,100,18.86,overcast clouds,0.0,0.0
437,marabba,SD,12.35,32.1833,93.54,14,64,9.64,broken clouds,0.0,0.0
438,churapcha,RU,62.0025,132.4325,10.74,93,100,6.17,overcast clouds,0.0,0.0
439,presidencia roque saenz pena,AR,-26.7852,-60.4388,73.96,57,0,7.54,clear sky,0.0,0.0
440,zhigansk,RU,66.7697,123.3711,1.65,98,78,5.39,broken clouds,0.0,0.0
441,carahue,CL,-38.7,-73.1667,60.8,88,0,5.75,light rain,0.14,0.0
442,touros,BR,-5.1989,-35.4608,80.6,78,20,8.05,few clouds,0.0,0.0
443,stephenville,US,32.2207,-98.2023,57.2,44,1,17.27,clear sky,0.0,0.0
444,merauke,ID,-8.4667,140.3333,75.83,96,100,13.91,moderate rain,3.158,0.0
445,tura,IN,25.5198,90.2201,72.18,80,0,4.94,clear sky,0.0,0.0
446,baturaja,ID,-4.1333,104.1667,72.28,98,94,2.48,overcast clouds,0.0,0.0
447,zavoronezhskoye,RU,52.8801,40.5526,44.87,95,100,8.97,light rain,0.421,0.0
448,chapais,CA,49.7834,-74.8492,30.2,69,90,17.27,light snow,0.0,0.13
449,christchurch,NZ,-43.5333,172.6333,57.99,77,95,11.5,light rain,0.11,0.0
450,gambela,ET,8.25,34.5833,84.92,34,79,4.29,broken clouds,0.0,0.0
451,lasa,IT,46.6166,10.7002,53.6,65,0,4.61,clear sky,0.0,0.0
452,roebourne,AU,-20.7833,117.1333,75.11,46,3,4.03,clear sky,0.0,0.0
453,winkler,CA,49.1817,-97.941,35.6,44,100,10.36,overcast clouds,0.0,0.0
454,bonfim,BR,3.0833,-59.95,89.6,55,20,13.8,few clouds,0.0,0.0
455,bahia blanca,AR,-38.7196,-62.2724,70.68,58,17,15.17,few clouds,0.0,0.0
456,pyay,MM,18.8167,95.2167,80.87,65,0,3.71,clear sky,0.0,0.0
457,sabang,ID,5.8933,95.3214,83.61,71,80,11.83,broken clouds,0.0,0.0
458,norden,DE,53.6,7.2,41.0,83,0,5.21,clear sky,0.0,0.0
459,ayotzintepec,MX,17.6667,-96.1333,91.74,44,79,3.67,broken clouds,0.0,0.0
460,lata,PT,40.1629,-8.3327,59.0,77,75,9.22,broken clouds,0.0,0.0
461,ulaangom,MN,49.9811,92.0667,26.82,86,100,12.5,snow,0.0,0.74
462,laguna,US,38.421,-121.4238,75.0,35,1,9.22,clear sky,0.0,0.0
463,lompoc,US,34.6391,-120.4579,57.2,72,37,17.27,scattered clouds,0.0,0.0
464,noumea,NC,-22.2763,166.4572,78.01,73,0,2.3,clear sky,0.0,0.0
465,vega de alatorre,MX,20.0333,-96.6333,78.39,76,100,16.33,overcast clouds,0.0,0.0
466,bogale,MM,16.2833,95.4,77.59,83,1,6.85,clear sky,0.0,0.0
467,montes altos,BR,-5.8333,-47.0667,73.26,92,99,2.15,overcast clouds,0.0,0.0
468,qaqortoq,GL,60.7167,-46.0333,41.0,48,75,4.61,broken clouds,0.0,0.0
469,utete,TZ,-7.986,38.758,71.37,98,100,2.53,overcast clouds,0.0,0.0
470,husavik,IS,66.0449,-17.3389,39.2,56,20,13.8,few clouds,0.0,0.0
471,asyut,EG,27.181,31.1837,82.4,32,0,13.8,clear sky,0.0,0.0
472,teahupoo,PF,-17.8333,-149.2667,86.0,66,75,12.66,light rain,0.3,0.0
473,ishigaki,JP,24.3448,124.1572,71.6,88,75,16.11,broken clouds,0.0,0.0
474,petropavlovsk-kamchatskiy,RU,53.0452,158.6483,35.6,100,90,4.47,snow,0.0,0.63
475,bichura,RU,50.5881,107.6022,31.62,76,3,3.62,clear sky,0.0,0.0
476,cuauhtemoc,MX,28.4167,-106.8667,73.99,15,5,3.0,clear sky,0.0,0.0
477,east hemet,US,33.74,-116.9389,79.0,28,0,5.01,clear sky,0.0,0.0
478,vallenar,CL,-28.5708,-70.7581,64.18,56,0,6.49,clear sky,0.0,0.0
479,san ramon de la nueva oran,AR,-23.1322,-64.326,81.0,79,80,0.94,broken clouds,0.0,0.0
480,khasan,RU,42.4308,130.6434,46.6,43,16,2.95,few clouds,0.0,0.0
481,atambua,ID,-9.1061,124.8925,69.98,85,60,2.68,broken clouds,0.0,0.0
482,kirakira,SB,-10.4544,161.9205,84.25,75,81,7.11,broken clouds,0.0,0.0
483,korla,CN,41.7597,86.1469,62.13,30,51,3.2,broken clouds,0.0,0.0
484,leningradskiy,RU,69.3833,178.4167,32.43,67,67,6.8,broken clouds,0.0,0.0
485,goure,NE,13.9835,10.2704,84.92,6,3,7.74,clear sky,0.0,0.0
486,gander,CA,48.9682,-54.5906,32.0,100,90,21.85,light snow,0.0,0.14
487,biak,ID,-0.9131,122.8766,75.67,84,98,3.49,overcast clouds,0.0,0.0
488,hongjiang,CN,27.11,109.9956,65.26,98,98,1.39,light rain,0.4134,0.0
489,yokadouma,CM,3.5167,15.05,70.45,91,100,2.68,overcast clouds,0.0,0.0
490,neuquen,AR,-38.9516,-68.0591,73.4,83,75,9.22,moderate rain,2.51,0.0
491,komsomolskiy,UZ,40.4272,71.7189,53.6,87,75,4.61,mist,0.0,0.0
492,les cayes,HT,18.2,-73.75,80.71,69,0,9.53,clear sky,0.0,0.0
493,dzilam gonzalez,MX,21.2833,-88.9333,80.47,80,96,6.06,overcast clouds,0.0,0.0
494,belyy yar,RU,53.6039,91.3903,17.6,73,0,2.24,clear sky,0.0,0.0
495,udachnyy,RU,66.4167,112.4,-1.62,99,94,1.99,overcast clouds,0.0,0.0
496,moen,NO,69.1304,18.6123,37.4,75,90,3.44,overcast clouds,0.0,0.0
497,grindavik,IS,63.8424,-22.4338,35.6,75,75,8.05,broken clouds,0.0,0.0
498,kondinskoye,RU,59.6481,67.41,28.6,94,22,5.91,few clouds,0.0,0.0
499,mundo nuevo,MX,18.7,-95.5,79.3,71,77,14.43,broken clouds,0.0,0.0
500,labuhan,ID,-6.8844,112.2051,75.2,83,74,5.84,broken clouds,0.0,0.0
501,nortelandia,BR,-14.4547,-56.8028,76.89,78,11,1.92,few clouds,0.0,0.0
502,champerico,GT,14.3,-91.9167,89.6,74,75,13.8,broken clouds,0.0,0.0
503,ekhabi,RU,53.5102,142.9671,32.13,98,100,7.92,overcast clouds,0.0,0.0
504,verkhnevilyuysk,RU,63.4453,120.3167,1.51,99,100,0.72,overcast clouds,0.0,0.0
505,bontang,ID,0.1333,117.5,76.91,88,100,6.96,overcast clouds,0.0,0.0
506,beira,MZ,-19.8436,34.8389,77.0,73,75,10.92,broken clouds,0.0,0.0
507,umkomaas,ZA,-30.2067,30.7978,68.0,93,88,7.85,overcast clouds,0.0,0.0
508,gubkinskiy,RU,64.434,76.5026,-0.15,99,60,4.65,broken clouds,0.0,0.0
509,nouakchott,MR,18.0858,-15.9785,66.2,82,52,14.97,broken clouds,0.0,0.0
510,dambovicioara,RO,45.45,25.2333,43.0,84,94,1.77,overcast clouds,0.0,0.0
511,mehamn,NO,71.0357,27.8492,41.0,65,0,17.27,clear sky,0.0,0.0
512,white oak,US,39.2131,-84.5994,59.0,50,75,11.5,broken clouds,0.0,0.0
513,okhotsk,RU,59.3833,143.3,31.33,97,100,23.38,snow,0.0,1.35
514,tilichiki,RU,60.4667,166.1,26.28,90,86,4.97,overcast clouds,0.0,0.0
515,mabaruma,GY,8.2,-59.7833,76.96,79,13,5.35,few clouds,0.0,0.0
516,khrebtovaya,RU,56.7032,104.2494,10.35,96,74,3.78,broken clouds,0.0,0.0
517,conde,BR,-7.2597,-34.9075,78.8,100,20,6.91,few clouds,0.0,0.0
518,abeche,TD,13.8292,20.8324,85.24,7,0,7.31,clear sky,0.0,0.0
519,show low,US,34.2542,-110.0298,69.8,8,1,17.27,clear sky,0.0,0.0
520,progreso,MX,21.2833,-89.6667,91.0,62,75,6.91,broken clouds,0.0,0.0
521,mbanza-ngungu,CD,-5.25,14.8667,68.43,88,100,3.06,overcast clouds,0.0,0.0
522,salinas,US,36.6777,-121.6555,59.0,63,90,18.41,overcast clouds,0.0,0.0
523,shakhtinsk,KZ,49.71,72.5872,14.0,73,0,4.47,clear sky,0.0,0.0
524,marienburg,PL,54.0359,19.0266,46.0,86,8,5.01,clear sky,0.0,0.0
525,saint anthony,US,45.0205,-93.218,42.01,33,90,4.61,overcast clouds,0.0,0.0
526,pendleton,US,45.6721,-118.7886,64.0,23,1,6.91,clear sky,0.0,0.0
527,bara,NG,10.3744,10.7288,86.7,32,77,7.45,broken clouds,0.0,0.0
528,whitehorse,CA,60.7161,-135.0538,51.8,40,75,1.68,broken clouds,0.0,0.0
529,vilyuysk,RU,63.7553,121.6247,0.01,99,100,1.21,overcast clouds,0.0,0.0
530,casablanca,MA,33.5928,-7.6192,64.0,77,40,6.91,scattered clouds,0.0,0.0
531,marsh harbour,BS,26.5412,-77.0636,80.2,74,100,15.5,overcast clouds,0.0,0.0
532,igarka,RU,67.4667,86.5833,-7.37,94,7,8.39,clear sky,0.0,0.0
533,saint-louis,SN,16.3333,-15.0,91.4,33,0,4.61,clear sky,0.0,0.0
534,palmas bellas,PA,9.2319,-80.0867,86.0,73,45,13.0,scattered clouds,0.0,0.0
535,linxia,CN,35.6003,103.2064,51.13,62,100,3.11,overcast clouds,0.0,0.0
536,san angelo,US,31.4638,-100.437,62.6,29,1,18.41,clear sky,0.0,0.0
537,sekoma,BW,-24.4,23.8833,61.5,38,5,8.16,clear sky,0.0,0.0
538,layou,VC,13.2,-61.2667,82.4,65,40,16.11,scattered clouds,0.0,0.0
539,walvis bay,NA,-22.9575,14.5053,78.84,42,12,6.8,few clouds,0.0,0.0
540,talara,PE,-4.5772,-81.2719,70.84,77,50,12.95,scattered clouds,0.0,0.0
541,robat karim,IR,35.4846,51.0829,69.8,27,0,6.91,clear sky,0.0,0.0
542,waki,JP,34.0667,134.15,57.2,66,0,9.22,clear sky,0.0,0.0
543,hirara,JP,24.8,125.2833,71.6,83,75,14.97,broken clouds,0.0,0.0
544,liberia,LR,6.5,-9.5,74.8,97,100,1.68,heavy intensity rain,4.69,0.0
545,plettenberg bay,ZA,-34.0527,23.3716,65.19,77,11,2.64,few clouds,0.0,0.0
546,oussouye,SN,12.485,-16.5469,77.0,83,0,9.22,clear sky,0.0,0.0
547,dhidhdhoo,MV,6.8833,73.1,83.68,71,95,9.8,overcast clouds,0.0,0.0
548,ambon,ID,-3.6954,128.1814,81.0,76,95,2.17,overcast clouds,0.0,0.0
549,gitega,BI,-3.5,29.95,59.38,95,100,4.36,light rain,0.35,0.0
550,pointe michel,DM,15.25,-61.3833,84.2,54,20,6.91,few clouds,0.0,0.0
551,warrington,GB,53.3925,-2.5802,51.8,76,40,5.75,scattered clouds,0.0,0.0
552,aklavik,CA,68.2191,-135.0107,23.0,74,90,13.8,snow,0.0,0.0
553,nouadhibou,MR,20.931,-17.0347,64.4,88,0,23.02,clear sky,0.0,0.0
554,mwanga,TZ,-4.8,38.2,70.32,95,100,4.5,overcast clouds,0.0,0.0
555,mocuba,MZ,-16.8392,36.9856,66.45,98,100,4.14,overcast clouds,0.0,0.0
556,bathsheba,BB,13.2167,-59.5167,82.4,54,40,20.71,scattered clouds,0.0,0.0
557,altay,CN,47.8667,88.1167,36.81,96,100,2.1,overcast clouds,0.0,0.0
558,camana,PE,-16.6228,-72.7111,69.53,85,78,7.07,broken clouds,0.0,0.0
559,milagres,BR,-7.3133,-38.9456,82.4,69,20,3.44,few clouds,0.0,0.0
560,port hardy,CA,50.6996,-127.4199,53.6,76,40,11.5,scattered clouds,0.0,0.0
561,zabol,AF,32.25,67.25,52.61,52,0,4.97,clear sky,0.0,0.0
562,anloga,GH,5.7947,0.8973,84.2,79,20,9.22,few clouds,0.0,0.0
563,bati,ET,11.1833,40.0167,69.33,41,45,4.41,scattered clouds,0.0,0.0
564,concepcion,CL,-36.827,-73.0498,55.4,100,90,3.44,moderate rain,3.62,0.0
565,ottawa,CA,45.4112,-75.6981,43.0,49,90,19.57,overcast clouds,0.0,0.0
566,monroe,US,43.1501,-77.6831,46.0,45,90,19.57,overcast clouds,0.0,0.0
567,north bend,US,43.4065,-124.2243,59.0,76,40,24.16,scattered clouds,0.0,0.0
568,axim,GH,4.8699,-2.2405,81.09,82,57,5.7,broken clouds,0.0,0.0
569,manokwari,ID,-0.8667,134.0833,78.98,77,85,4.7,overcast clouds,0.0,0.0
570,bereda,ES,43.2686,-7.5406,48.99,100,40,1.01,scattered clouds,0.0,0.0
571,la orilla,MX,17.9833,-102.2333,83.43,39,79,10.27,broken clouds,0.0,0.0
572,yakeshi,CN,49.2833,120.7333,42.85,61,93,5.44,overcast clouds,0.0,0.0
573,ondjiva,AO,-17.0667,15.7333,65.64,43,45,7.2,scattered clouds,0.0,0.0
574,elko,US,41.0002,-115.5012,62.6,13,1,6.91,clear sky,0.0,0.0
575,oranjestad,AW,12.524,-70.027,84.2,65,20,25.32,few clouds,0.0,0.0
576,natal,BR,-5.795,-35.2094,80.6,78,20,6.91,few clouds,0.0,0.0
577,pokrovsk,UA,48.282,37.1758,46.67,93,90,14.74,overcast clouds,0.0,0.0
578,caravelas,BR,-17.7125,-39.2481,73.53,90,97,3.33,overcast clouds,0.0,0.0
579,gelgaudiskis,LT,55.0792,22.9758,47.25,73,83,2.24,broken clouds,0.0,0.0
580,isiro,CD,2.7739,27.616,66.33,98,98,2.84,overcast clouds,0.0,0.0
581,bundaberg,AU,-24.85,152.35,66.2,77,1,5.84,clear sky,0.0,0.0
582,kedrovyy,RU,56.1667,91.8167,17.6,57,0,6.71,clear sky,0.0,0.0
583,batagay-alyta,RU,67.8006,130.4114,4.12,94,76,2.68,broken clouds,0.0,0.0
584,makakilo city,US,21.3469,-158.0858,82.0,65,1,8.05,clear sky,0.0,0.0
585,saint-pierre,RE,-21.3393,55.4781,75.2,94,75,6.91,heavy intensity rain,6.35,0.0
586,pa sang,TH,18.5262,98.9394,78.01,78,20,2.3,few clouds,0.0,0.0
587,pattukkottai,IN,10.4333,79.3167,82.31,80,87,7.16,overcast clouds,0.0,0.0
588,sumbe,AO,-11.2061,13.8437,79.29,88,100,3.62,overcast clouds,0.0,0.0
589,shenjiamen,CN,29.9576,122.298,59.41,89,48,12.24,scattered clouds,0.0,0.0
590,mbala,ZM,-8.8402,31.3659,60.67,90,90,10.04,overcast clouds,0.0,0.0
591,padang,ID,-0.9492,100.3543,77.27,88,94,2.75,overcast clouds,0.0,0.0
592,jiwani,PK,25.05,61.7417,80.33,77,0,11.77,clear sky,0.0,0.0
593,ugoofaaru,MV,5.6667,73.0,83.17,75,100,10.89,overcast clouds,0.0,0.0
594,shache,CN,38.4167,77.2406,60.64,22,100,6.71,overcast clouds,0.0,0.0
595,niksic,ME,42.7731,18.9445,48.2,87,40,3.44,scattered clouds,0.0,0.0
596,kununurra,AU,-15.7667,128.7333,64.4,94,25,5.75,scattered clouds,0.0,0.0
597,meiganga,CM,6.5167,14.3,66.79,90,100,2.24,overcast clouds,0.0,0.0
598,bilma,NE,18.6853,12.9164,87.82,8,0,7.09,clear sky,0.0,0.0
599,tyrma,RU,50.0833,132.1667,35.28,31,0,0.83,clear sky,0.0,0.0
600,soyo,AO,-6.1349,12.3689,78.48,86,100,7.74,light rain,0.24,0.0
601,sandwick,GB,60.0,-1.25,41.0,70,20,17.27,few clouds,0.0,0.0
602,lewistown,US,40.5992,-77.5714,66.2,34,1,13.8,clear sky,0.0,0.0
603,lixourion,GR,38.2019,20.4314,54.25,74,2,5.41,clear sky,0.0,0.0
604,razole,IN,16.4833,81.8333,80.58,82,39,3.24,scattered clouds,0.0,0.0
605,lao cai,VN,22.4833,103.95,74.17,89,67,1.5,broken clouds,0.0,0.0
606,grand gaube,MU,-20.0064,57.6608,75.99,84,98,1.99,overcast clouds,0.0,0.0
607,kimbe,PG,-5.5502,150.1429,79.27,89,86,2.21,overcast clouds,0.0,0.0
608,anori,BR,-3.7728,-61.6442,75.78,94,76,2.17,broken clouds,0.0,0.0
609,yarada,IN,17.65,83.2667,82.4,94,20,3.44,mist,0.0,0.0
610,grand-santi,GF,4.25,-54.3833,72.1,98,100,3.87,heavy intensity rain,9.1646,0.0
611,halifax,CA,44.6453,-63.5724,60.01,47,75,10.36,broken clouds,0.0,0.0
612,taltal,CL,-25.4,-70.4833,63.03,76,91,4.83,overcast clouds,0.0,0.0
613,kota kinabalu,MY,5.9749,116.0724,75.2,83,20,5.75,few clouds,0.0,0.0
614,tapes,BR,-30.6733,-51.3958,69.67,74,8,16.13,clear sky,0.0,0.0
615,conceicao da barra,BR,-18.5933,-39.7322,71.8,96,82,4.05,broken clouds,0.0,0.0
616,portland,US,45.5234,-122.6762,75.0,16,20,10.36,few clouds,0.0,0.0
617,sargur,IN,11.9833,76.4167,71.91,83,100,2.21,overcast clouds,0.0,0.0
618,farap,TM,39.1704,63.6116,62.6,48,0,11.5,clear sky,0.0,0.0
619,sinnamary,GF,5.3833,-52.95,75.33,92,100,11.97,overcast clouds,0.0,0.0
620,cheremukhovo,RU,60.3484,59.9851,32.81,84,9,3.09,clear sky,0.0,0.0
621,bela,IN,25.9333,81.9833,87.69,17,100,5.32,overcast clouds,0.0,0.0
622,rantauprapat,ID,2.1,99.8333,73.18,96,97,2.1,overcast clouds,0.0,0.0
623,ystad,SE,55.4297,13.8204,42.01,75,0,2.3,clear sky,0.0,0.0
624,arco,IT,45.9177,10.8867,51.01,65,54,1.68,broken clouds,0.0,0.0
625,peruibe,BR,-24.32,-46.9983,69.39,88,83,4.18,moderate rain,1.332,0.0
626,gravdal,NO,68.1214,13.5031,40.78,88,99,22.68,overcast clouds,0.0,0.0
627,atar,MR,20.5169,-13.0499,83.88,13,76,4.7,broken clouds,0.0,0.0
628,kutum,SD,14.2,24.6667,78.13,9,2,11.63,clear sky,0.0,0.0
629,port shepstone,ZA,-30.7414,30.455,67.33,82,99,9.42,overcast clouds,0.0,0.0
630,port lincoln,AU,-34.7333,135.8667,53.13,61,10,4.03,clear sky,0.0,0.0
631,kalundborg,DK,55.6795,11.0886,46.99,67,7,8.68,clear sky,0.0,0.0
632,avera,US,33.194,-82.5271,75.2,43,75,6.91,broken clouds,0.0,0.0
633,baghdad,IQ,33.3406,44.4009,78.8,36,0,2.3,clear sky,0.0,0.0
634,rorvik,NO,64.8621,11.2373,38.34,95,100,15.86,light rain,0.2178,0.0
635,cajati,BR,-24.7361,-48.1228,67.06,90,66,2.86,broken clouds,0.0,0.0
636,maradi,NE,13.5,7.1017,88.61,9,3,5.91,clear sky,0.0,0.0
637,yuanping,CN,38.7153,112.7575,54.64,55,100,0.92,overcast clouds,0.0,0.0
638,iralaya,HN,15.0,-83.2333,87.8,74,75,11.5,broken clouds,0.0,0.0
639,sudak,UA,44.85,34.9667,48.83,86,43,7.54,scattered clouds,0.0,0.0
640,crib point,AU,-38.35,145.2,55.0,61,92,5.01,overcast clouds,0.0,0.0
641,jimma,ET,7.6667,36.8333,68.04,46,96,1.59,overcast clouds,0.0,0.0
642,mahibadhoo,MV,3.7833,72.9667,82.69,66,43,7.92,scattered clouds,0.0,0.0
643,ulladulla,AU,-35.35,150.4667,54.0,87,0,5.75,clear sky,0.0,0.0
644,kulob,TJ,37.9145,69.783,60.8,55,90,6.71,overcast clouds,0.0,0.0
645,angoche,MZ,-16.2325,39.9086,73.24,84,48,8.63,scattered clouds,0.0,0.0
646,miura,JP,35.14,139.6192,63.0,52,37,1.99,scattered clouds,0.0,0.0
647,barreirinhas,BR,-2.7469,-42.8264,75.2,90,100,4.56,overcast clouds,0.0,0.0
648,gueret,FR,46.1667,1.8667,46.4,76,0,6.91,clear sky,0.0,0.0
649,birao,CF,10.2849,22.7882,87.03,32,68,4.07,broken clouds,0.0,0.0
650,nassau,US,40.7507,-73.5829,69.01,51,1,18.41,clear sky,0.0,0.0
651,mandalgovi,MN,45.7625,106.2708,50.18,27,98,8.05,overcast clouds,0.0,0.0
652,faya,SA,18.3851,42.4509,60.8,47,20,3.98,few clouds,0.0,0.0
653,port augusta,AU,-32.5,137.7667,46.4,87,0,4.61,clear sky,0.0,0.0
654,nabire,ID,-3.3667,135.4833,76.73,91,100,2.53,overcast clouds,0.0,0.0
655,colac,AU,-38.3333,143.5833,46.0,1,68,3.47,broken clouds,0.0,0.0
656,vygonichi,RU,53.0985,34.0673,37.4,87,100,4.47,overcast clouds,0.0,0.0
657,greeley,US,40.4233,-104.7091,37.99,48,90,9.22,overcast clouds,0.0,0.0
658,raudeberg,NO,61.9875,5.1352,39.0,92,99,10.25,light rain,0.4,0.0
659,vilhena,BR,-12.7406,-60.1458,78.8,83,40,3.44,scattered clouds,0.0,0.0
660,novoagansk,RU,61.9449,76.6625,10.06,96,49,7.0,scattered clouds,0.0,0.0
661,nieuw nickerie,SR,5.95,-56.9833,78.3,74,83,8.34,broken clouds,0.0,0.0
662,pacific grove,US,36.6177,-121.9166,57.2,67,90,14.97,overcast clouds,0.0,0.0
663,san vicente,AR,-26.6167,-54.1333,67.77,53,40,3.15,scattered clouds,0.0,0.0
664,luanda,AO,-8.8368,13.2343,77.0,88,100,5.75,overcast clouds,0.0,0.0
665,high level,CA,58.5169,-117.136,57.2,33,1,10.36,clear sky,0.0,0.0
666,mahanoro,MG,-19.9,48.8,71.22,84,100,7.54,overcast clouds,0.0,0.0
